{"cameraMode":{"drawMode":0,"name":"Shaded","section":"Shading Mode"},"sceneLighting":true,"audioPlay":false,"sceneViewState":{"m_AlwaysRefresh":false,"showFog":true,"showSkybox":true,"showFlares":true,"showImageEffects":true,"showParticleSystems":true,"showVisualEffectGraphs":true,"m_FxEnabled":true},"in2DMode":false,"pivot":{"x":4.930196285247803,"y":0.8579142093658447,"z":3.191476345062256},"rotation":{"x":0.4678312838077545,"y":-0.06775414943695069,"z":0.03600052744150162,"w":0.8804836869239807},"size":16.368236541748048,"orthographic":true}