{"cameraMode":{"drawMode":0,"name":"Shaded","section":"Shading Mode"},"sceneLighting":true,"audioPlay":false,"sceneViewState":{"m_AlwaysRefresh":false,"showFog":true,"showSkybox":true,"showFlares":true,"showImageEffects":true,"showParticleSystems":true,"showVisualEffectGraphs":true,"m_FxEnabled":true},"in2DMode":false,"pivot":{"x":11.127440452575684,"y":-15.232074737548829,"z":8.900710105895996},"rotation":{"x":0.4299722909927368,"y":0.11218181997537613,"z":-0.053940899670124057,"w":0.8942207098007202},"size":17.52834129333496,"orthographic":true}